comparison,mean_false,mean_true,diff,t_stat,df,p_value,conf_low,conf_high
post-PIPL,0.2476894639556377,0.3682342502218279,0.12054478626619017,7.045258811835576,2073.1517653518754,2.509245347978052e-12,0.08699009900728348,0.15409947352509684
PIPL mention,0.27233115468409586,0.9620253164556962,0.6896941617716004,-29.95663226266061,99.86050719512792,1.0533215208343973e-51,0.6440162308207432,0.7353720927224575
